fair_value,take_edge,quote_edge,position_size,inventory_skew,flatten_threshold,total_profit,mean_profit,median_profit,profit_std,variance,VaR_5,CVaR_5,worst_path_profit,objective_score,sharpe,profit_per_trade,mean_trades_per_path,median_trades_per_path,max_drawdown,hit_rate,hit_rate_active,mean_round_trips_per_path,turnover,inventory_std,max_drawdown_worst,turnover_per_trade,historical_final_pnl,n_eval_paths,stage
10002.0,1.0,2.0,60.0,0.5,60.0,-518901.77937484876,-2594.508896874244,-1559.439825726091,4978.216123840118,24782635.775661726,-10783.895125470775,-15015.215583715424,-20097.214291170938,-12393912.396727737,-0.5211724104240696,-70.02723068486489,37.05,33.0,7971.113681899563,0.40895250000000005,0.965,23.315,18266883.3,7.506139314209065,22488.418320794124,493033.2874493928,0.0,200,reval
10002.0,2.0,2.0,60.0,0.0,60.0,-502704.02854386927,-2513.5201427193465,-1351.4500581931788,5110.924881554022,26121553.144888,-11425.858306896484,-14616.413286735327,-18103.624525030842,-13063290.092586718,-0.4917935991958067,-70.65411504481648,35.575,32.5,8028.856755313766,0.40871250000000003,0.955,22.3,17519778.0,7.199162991207153,19893.01554339379,492474.43429374555,0.0,200,reval
9998.0,1.0,3.0,40.0,1.0,40.0,-440499.57277541206,-2202.4978638770604,-1842.833559162973,4112.631367399375,16913736.764117256,-9984.588600616966,-11202.213509404392,-13227.207592707244,-8459070.879922505,-0.5355446834685004,-77.82677964229894,28.3,25.0,6663.716140253818,0.40876499999999993,0.97,17.62,11126835.4,7.510785154569844,18129.46941925818,393174.3957597173,0.0,200,reval
10000.0,0.5,2.0,60.0,1.0,60.0,-531805.3281130817,-2659.026640565409,-2490.3146854675724,4312.390119153544,18596708.53977312,-9667.633046329342,-11705.5220856052,-16654.009490884026,-9301013.296527127,-0.6166015984395025,-70.9452145294933,37.48,33.0,7982.443862115603,0.40838749999999996,0.945,24.13,18639765.6,7.1753995979360665,18077.265567324706,497325.65635005344,0.0,200,reval
10000.0,0.5,2.0,60.0,0.5,40.0,-262718.3038815328,-1313.591519407664,-955.5007331701054,3085.7644186286434,9521942.04727457,-6956.6111654709675,-8541.764062421058,-10175.020617964794,-4762284.615156693,-0.4256940392069906,-42.71842339537119,30.75,27.0,5554.427640310417,0.40899500000000005,0.98,25.26,13925291.75,11.504356409617431,15882.716518183239,452855.0162601626,0.0,200,reval
10000.0,2.0,2.0,40.0,1.0,40.0,-467817.5496985094,-2339.087748492547,-2123.226381995366,3774.654724172568,14248018.286718287,-8691.547912745329,-10926.275471974997,-14546.89962002472,-7126348.231107635,-0.6196825721602053,-68.56478817213973,34.115,31.0,6297.728565843177,0.40728749999999997,0.93,21.94,13461509.6,6.492848633504435,15677.230244441482,394592.10318041913,0.0,200,reval
9998.0,0.5,2.0,60.0,0.5,40.0,-282518.9401915757,-1412.5947009578783,-995.6836625614378,3350.9711595991052,11229007.712464971,-7470.750026251998,-9522.036732320941,-14031.012795740506,-5615916.450933443,-0.4215478539440647,-45.523515983173645,31.03,27.0,5563.514651719644,0.40885750000000004,0.935,25.83,13977256.9,10.386258584849585,16530.918636032,450443.34192716726,0.0,200,reval
10000.0,0.5,2.0,60.0,0.0,40.0,-335878.44313276757,-1679.3922156638378,-1066.4885846945108,3581.3551974548673,12826105.05033699,-7653.074738713179,-10563.447759048035,-20647.214291170938,-6414731.917384159,-0.4689264602563993,-59.542358293346496,28.205,27.0,5556.043450339761,0.40785499999999997,0.955,23.275,12761252.4,10.354731149784511,20910.392774879467,452446.4598475448,0.0,200,reval
10000.0,0.5,2.0,40.0,2.0,40.0,-420280.76897230966,-2101.4038448615484,-1231.7889122393099,3834.854056924218,14706105.637908135,-8458.952029287193,-11534.795720727172,-16421.771432936774,-7355154.222798929,-0.5479749199494834,-49.79629964126892,42.2,35.0,6272.048320580523,0.40711250000000004,0.955,29.845,16694256.4,7.316793063137416,16842.344373554457,395598.4928909952,0.0,200,reval
9998.0,0.0,2.0,40.0,0.5,60.0,-581819.8539066222,-2909.0992695331106,-1959.571169740113,4802.261114741897,23061711.814162087,-11422.865080648504,-13609.613601874036,-18073.624525030842,-11533765.006350577,-0.6057769871367892,-73.03789278265405,39.83,36.0,8086.46727358927,0.40732,0.94,20.49,15283233.8,7.9407627382694645,21216.726910264406,383711.61938237515,0.0,200,reval
