product,n_paths,horizon,mean_final,std_final,method
VEV_5400,500,2000,28.089064613100536,29.76574887669815,bootstrap
VEV_6500,500,2000,0.5,0.0,bootstrap
VEV_5500,500,2000,14.90288825294763,23.105629760534498,bootstrap
VEV_5200,500,2000,107.04840817519587,33.04231460593156,bootstrap
VEV_5300,500,2000,58.7951468480879,26.553150281599127,bootstrap
VELVETFRUIT_EXTRACT,500,2000,5252.833890374593,44.38099233624247,bootstrap
VEV_4500,500,2000,752.6222372723936,46.145583845306355,bootstrap
HYDROGEL_PACK,500,2000,10008.675300666135,85.42048258831564,bootstrap
VEV_5000,500,2000,261.47847316087103,41.926230399407835,bootstrap
VEV_4000,500,2000,1255.1780083178785,51.28999425930041,bootstrap
VEV_5100,500,2000,175.21361749900328,38.76356730218747,bootstrap
VEV_6000,500,2000,0.5,0.0,bootstrap
