product,n,mean_ret,std_ret,skew,kurt,acf_lag1,acf_lag5,jump_frac,mean_spread
HYDROGEL_PACK,29999,1.4363278023896374e-07,0.00021702543541687208,0.002284718631719104,0.5694696878943866,-0.12424348301164283,0.002755611003133546,0.000466682222740758,15.727933333333333
VELVETFRUIT_EXTRACT,29999,-8.27236805681344e-08,0.00021678264065217148,-0.018435590507803794,0.3264607016397494,-0.16032259145424874,-0.003959689203053866,0.00010000333344444814,4.982433333333334
VEV_4000,29999,-3.4990049019444177e-07,0.0011644031114356843,-0.01635647097873444,6.916081822131252,-0.2946652575877675,0.003991410995977646,0.012400413347111571,20.7535
VEV_4500,29999,-5.868097075985344e-07,0.0017095368228502068,-0.009642865619574227,3.9163611223125816,-0.23424127955995097,0.0017130112652373063,0.005333511117037235,15.793833333333334
VEV_5000,29999,-2.3378053859822586e-06,0.00398670786038114,-0.01984321960338288,0.24799206576012756,-0.10391091458150452,-0.0013037493250568832,0.00030001000033334443,5.9642333333333335
VEV_5100,29999,-5.121695950441281e-06,0.0054969207627657245,-0.004005051925929995,0.18698697688682575,-0.09981700161264219,-0.005034371968801826,0.00010000333344444814,4.1744
VEV_5200,29999,-1.0354712004977671e-05,0.007746608269068194,0.015791268743842995,0.13102884478107057,-0.12406242821179514,-0.005456558043340238,0.00010000333344444814,2.757833333333333
VEV_5300,29999,-1.9735693312729635e-05,0.011992980448991076,-0.010164821018922118,0.7623638450391685,-0.2198475996306706,-0.0046559125058642375,0.00013333777792593087,1.9730666666666667
VEV_5400,29999,-3.662163034328176e-05,0.02242047308944494,0.052859281050315766,6.988201869966565,-0.24486609152930644,0.007839538053520567,0.00626687556251875,1.3040333333333334
VEV_5500,29999,-5.3649718738427967e-05,0.0447941600976088,-0.35138399522691627,93.19978200964286,-0.1978813174364384,-0.061932292883876444,0.014267142238074602,1.1087666666666667
VEV_6000,29999,0.0,0.0,0.0,0.0,,,0.0,1.0
VEV_6500,29999,0.0,0.0,0.0,0.0,,,0.0,1.0
