product,theta,mu,sigma,half_life,r2_ar1,adf_like,resid_std,resid_skew,resid_kurt,ljung_box_lag5_p,mean_reversion_acf_decay,n_obs
HYDROGEL_PACK,0.001982278684249666,9995.377903074435,2.1700728706058614,349.67191347381913,0.0009993016841389757,5.4778680163380615,2.167887667872538,0.0016666177856073988,0.566353768666489,6.388546887990866e-64,0.9980518353544802,30000
VELVETFRUIT_EXTRACT,0.0019697074917687696,5247.429015404614,1.1381060516567485,351.90361180862897,0.0009778551773619304,5.418709421707491,1.1369671524564253,-0.019369128778308545,0.32296233856283596,7.156424422754274e-97,0.9980405675746382,30000
VEV_4000,0.00320973701616859,1247.5218447438106,1.4530500921703156,215.9513932351204,0.001596263006221177,6.925406590230322,1.450697073874082,-0.018124557228579242,6.8605584857660045,1.1100185850408192e-245,0.9968037763322857,30000
VEV_4500,0.0024803004896742768,747.4823393077205,1.2773958795576001,279.4609699290799,0.0012325815227891557,6.084456544528523,1.275792088251961,-0.010417505921462598,3.871388690532881,1.2804216515203132e-173,0.9975311215636916,30000
VEV_5000,0.0016105259236988947,250.79300775336057,0.9956177602987769,430.38560904874737,0.0007966550812534834,4.890512531104746,0.9947999829711114,-0.016216317453921218,0.2134870835676299,1.040923887142236e-46,0.9983919432740411,30000
VEV_5100,0.0014453862147491634,160.32158128414318,0.8739578281647696,479.5584553712075,0.000710884273272927,4.619553755165529,0.8733120490308693,0.0033044747432345967,0.10966651681516426,1.1833155516448855e-42,0.998540956560649,30000
VEV_5200,0.0012710686479716824,88.324940441181,0.6807885109838016,545.3263139375205,0.0006205746527744305,4.31596550315334,0.6803447358341981,0.02959157337073914,0.08743287951605705,2.4830340536244657e-66,0.9986956061584024,30000
VEV_5300,0.0013308931762991672,40.65047569809953,0.47859671575684304,520.8135355291167,0.000645981978732002,4.403486509178625,0.4782704401055659,0.0008782020121160916,0.6720483564612492,4.0383070891578113e-153,0.9986115541634377,30000
VEV_5400,0.0018384393716351667,12.430386432005925,0.2539642589576442,377.0302090209469,0.0009013396850969801,5.202189984199744,0.2537267597124279,0.03367814576563014,1.67623866304646,1.068260602436284e-194,0.9980982735000438,30000
VEV_5500,0.002584256344580196,4.630395933598344,0.15880061744607663,268.2192043423404,0.0012862009205646396,6.215556708937328,0.15859300409632965,0.04890299306048892,9.307732157515652,2.7025000518996168e-188,0.9973819717279264,30000
VEV_6000,0.0,0.5,0.0,inf,0.0,0.0,0.0,0.0,0.0,,1.0,30000
VEV_6500,0.0,0.5,0.0,inf,0.0,0.0,0.0,0.0,0.0,,1.0,30000
